[
  {
    "id": "e879890d-2f63-4bdf-b0af-747be0b92214",
    "data": [
      {
        "text": "You are boy ?",
        "userDefined": false
      }
    ],
    "isTemplate": false,
    "count": 1,
    "lang": "en",
    "updated": 0
  },
  {
    "id": "3d32b73f-898b-4258-88ce-13f6ece68bab",
    "data": [
      {
        "text": "Are you gay?",
        "userDefined": false
      }
    ],
    "isTemplate": false,
    "count": 1,
    "lang": "en",
    "updated": 0
  },
  {
    "id": "8cf23fca-4b8b-4a5b-be2a-11e1bfb9fbd0",
    "data": [
      {
        "text": "ARe YOU GAY",
        "userDefined": false
      }
    ],
    "isTemplate": false,
    "count": 1,
    "lang": "en",
    "updated": 0
  },
  {
    "id": "ebcaa17f-db2e-4296-a088-78e0091c9df0",
    "data": [
      {
        "text": "idiot, are you gay",
        "userDefined": false
      }
    ],
    "isTemplate": false,
    "count": 1,
    "lang": "en",
    "updated": 0
  },
  {
    "id": "d6493463-dbec-44df-a838-9260b0563b9d",
    "data": [
      {
        "text": "Are you a girl?",
        "userDefined": false
      }
    ],
    "isTemplate": false,
    "count": 2,
    "lang": "en",
    "updated": 0
  },
  {
    "id": "a028a3f4-89e6-45b4-88dc-ab5d907eb276",
    "data": [
      {
        "text": "are you a boy or a girl?",
        "userDefined": false
      }
    ],
    "isTemplate": false,
    "count": 0,
    "lang": "en",
    "updated": 0
  },
  {
    "id": "08dd5f98-8c63-4d02-b74d-e1df23dbadac",
    "data": [
      {
        "text": "are you a boy?",
        "userDefined": false
      }
    ],
    "isTemplate": false,
    "count": 0,
    "lang": "en",
    "updated": 0
  },
  {
    "id": "5bd52260-04d1-4bb0-ad6e-830ed0e24acc",
    "data": [
      {
        "text": "You are gay",
        "userDefined": false
      }
    ],
    "isTemplate": false,
    "count": 0,
    "lang": "en",
    "updated": 0
  },
  {
    "id": "bedce9bc-81e3-4125-8d5f-d8454864dd56",
    "data": [
      {
        "text": "You are lesbian",
        "userDefined": false
      }
    ],
    "isTemplate": false,
    "count": 0,
    "lang": "en",
    "updated": 0
  },
  {
    "id": "7c25a41d-6917-469d-96e6-df5a37b0bb45",
    "data": [
      {
        "text": "You are les",
        "userDefined": false
      }
    ],
    "isTemplate": false,
    "count": 0,
    "lang": "en",
    "updated": 0
  },
  {
    "id": "0558bcc3-0019-4500-a7de-7a3efb6b5759",
    "data": [
      {
        "text": "Are you lesbian",
        "userDefined": false
      }
    ],
    "isTemplate": false,
    "count": 0,
    "lang": "en",
    "updated": 0
  },
  {
    "id": "d712750a-b197-44b1-8ec0-781ac0a90a0c",
    "data": [
      {
        "text": "Are you a woman",
        "userDefined": false
      }
    ],
    "isTemplate": false,
    "count": 0,
    "lang": "en",
    "updated": 0
  },
  {
    "id": "62341acc-baa2-4177-900f-e2de227d8a89",
    "data": [
      {
        "text": "Are you A man",
        "userDefined": false
      }
    ],
    "isTemplate": false,
    "count": 0,
    "lang": "en",
    "updated": 0
  },
  {
    "id": "db0c0e00-af93-4187-8fae-dc1c193b2197",
    "data": [
      {
        "text": "You are a man",
        "userDefined": false
      }
    ],
    "isTemplate": false,
    "count": 0,
    "lang": "en",
    "updated": 0
  },
  {
    "id": "b9aa8429-a345-47c6-b00a-d9627d378611",
    "data": [
      {
        "text": "Man or Woman",
        "userDefined": false
      }
    ],
    "isTemplate": false,
    "count": 0,
    "lang": "en",
    "updated": 0
  },
  {
    "id": "47e26963-4de0-4f04-82e3-c172eb03f720",
    "data": [
      {
        "text": "Girl or boy",
        "userDefined": false
      }
    ],
    "isTemplate": false,
    "count": 0,
    "lang": "en",
    "updated": 0
  },
  {
    "id": "2f2eb8ec-2ee6-4cd6-8cb0-f4936f748e75",
    "data": [
      {
        "text": "You girl or boy",
        "userDefined": false
      }
    ],
    "isTemplate": false,
    "count": 0,
    "lang": "en",
    "updated": 0
  },
  {
    "id": "e5029821-1915-430b-9a55-a1eeb61b03f7",
    "data": [
      {
        "text": "You are a girl",
        "userDefined": false
      }
    ],
    "isTemplate": false,
    "count": 0,
    "lang": "en",
    "updated": 0
  },
  {
    "id": "fed621aa-29ec-40bd-9d25-6e52f6362b90",
    "data": [
      {
        "text": "Are you a girl",
        "userDefined": false
      }
    ],
    "isTemplate": false,
    "count": 0,
    "lang": "en",
    "updated": 0
  },
  {
    "id": "4d95bddb-76c9-40ec-911e-f2605adae431",
    "data": [
      {
        "text": "Are you a boy",
        "userDefined": false
      }
    ],
    "isTemplate": false,
    "count": 0,
    "lang": "en",
    "updated": 0
  },
  {
    "id": "e5de15d3-c6fe-4006-bb3d-59a07ebd18a9",
    "data": [
      {
        "text": "You are boy",
        "userDefined": false
      }
    ],
    "isTemplate": false,
    "count": 0,
    "lang": "en",
    "updated": 0
  }
]