[
  {
    "id": "e22ba3cd-e1ad-4c0b-97bd-cb3eb13c0316",
    "data": [
      {
        "text": "Who tf are you ?",
        "userDefined": false
      }
    ],
    "isTemplate": false,
    "count": 1,
    "lang": "en",
    "updated": 0
  },
  {
    "id": "bae8f0e9-6e1e-4724-9c31-85c471385813",
    "data": [
      {
        "text": "Who tf are you?",
        "userDefined": false
      }
    ],
    "isTemplate": false,
    "count": 2,
    "lang": "en",
    "updated": 0
  },
  {
    "id": "c6aaf35a-54c7-4ec2-a125-77cdc15f3baf",
    "data": [
      {
        "text": "what is your name",
        "userDefined": false
      }
    ],
    "isTemplate": false,
    "count": 0,
    "lang": "en",
    "updated": 0
  },
  {
    "id": "c58a9dab-8ca3-4492-be23-e56c0ad3d916",
    "data": [
      {
        "text": "What is your name?",
        "userDefined": false
      }
    ],
    "isTemplate": false,
    "count": 1,
    "lang": "en",
    "updated": 0
  },
  {
    "id": "649d093f-e672-42d0-9179-85de09f88b86",
    "data": [
      {
        "text": "Ur name?",
        "userDefined": false
      }
    ],
    "isTemplate": false,
    "count": 0,
    "lang": "en",
    "updated": 0
  },
  {
    "id": "2c836dd2-5960-4f40-819b-f2a8faa0342b",
    "data": [
      {
        "text": "Name?",
        "userDefined": false
      }
    ],
    "isTemplate": false,
    "count": 0,
    "lang": "en",
    "updated": 0
  },
  {
    "id": "77033672-7f33-4fb9-9c21-8fe1c0af5d36",
    "data": [
      {
        "text": "Name",
        "userDefined": false
      }
    ],
    "isTemplate": false,
    "count": 0,
    "lang": "en",
    "updated": 0
  },
  {
    "id": "ba812759-231c-45ab-8727-e476aa73f478",
    "data": [
      {
        "text": "Your NAME",
        "userDefined": false
      }
    ],
    "isTemplate": false,
    "count": 0,
    "lang": "en",
    "updated": 0
  },
  {
    "id": "2f281d27-2234-449b-9ba0-229bda22e4fd",
    "data": [
      {
        "text": "what is your name?",
        "userDefined": false
      }
    ],
    "isTemplate": false,
    "count": 1,
    "lang": "en",
    "updated": 0
  },
  {
    "id": "62bb04d7-4eff-48f3-bcff-bb00aa399558",
    "data": [
      {
        "text": "Who the fuck are you?",
        "userDefined": false
      }
    ],
    "isTemplate": false,
    "count": 1,
    "lang": "en",
    "updated": 0
  },
  {
    "id": "dc5d9870-9198-4430-a960-8d2d4147d127",
    "data": [
      {
        "text": "Talky bot who are you?",
        "userDefined": false
      }
    ],
    "isTemplate": false,
    "count": 0,
    "lang": "en",
    "updated": 0
  },
  {
    "id": "b7f98164-17f3-461c-a9e3-6358a0c14d01",
    "data": [
      {
        "text": "Who you?",
        "userDefined": false
      }
    ],
    "isTemplate": false,
    "count": 1,
    "lang": "en",
    "updated": 0
  },
  {
    "id": "4cd048ab-93c6-4c7c-bef6-a8d3210e74b7",
    "data": [
      {
        "text": "Who are you?",
        "userDefined": false
      }
    ],
    "isTemplate": false,
    "count": 0,
    "lang": "en",
    "updated": 0
  },
  {
    "id": "cb0b1495-29b0-4f47-931f-30392e1a8c05",
    "data": [
      {
        "text": "Hey, how is your name?",
        "userDefined": false
      }
    ],
    "isTemplate": false,
    "count": 0,
    "lang": "en",
    "updated": 0
  }
]