[
  {
    "id": "bc23edeb-d70a-494b-8ae7-a2aacb114a27",
    "data": [
      {
        "text": "NO YOU",
        "userDefined": false
      }
    ],
    "isTemplate": false,
    "count": 0,
    "lang": "en",
    "updated": 0
  },
  {
    "id": "8a5fd47e-f302-43b8-8f35-fa416fb79cfe",
    "data": [
      {
        "text": "You like me?",
        "userDefined": false
      }
    ],
    "isTemplate": false,
    "count": 0,
    "lang": "en",
    "updated": 0
  },
  {
    "id": "2a2acdba-d205-462b-bf30-db928b163e96",
    "data": [
      {
        "text": "Do you like dicks?",
        "userDefined": false
      }
    ],
    "isTemplate": false,
    "count": 0,
    "lang": "en",
    "updated": 0
  },
  {
    "id": "7d94b91a-8ddc-4ad5-ae91-d8b9a51a297b",
    "data": [
      {
        "text": "Do you like computers?",
        "userDefined": false
      }
    ],
    "isTemplate": false,
    "count": 0,
    "lang": "en",
    "updated": 0
  },
  {
    "id": "92faf3e7-7bb4-4a37-ae87-96ea0d9bd21b",
    "data": [
      {
        "text": "You like to do",
        "userDefined": false
      }
    ],
    "isTemplate": false,
    "count": 0,
    "lang": "en",
    "updated": 0
  },
  {
    "id": "0e7612a4-7548-4e9d-9721-acc2e9722886",
    "data": [
      {
        "text": "You love to do",
        "userDefined": false
      }
    ],
    "isTemplate": false,
    "count": 0,
    "lang": "en",
    "updated": 0
  },
  {
    "id": "841f1d6c-f97e-4387-8121-2d4922f78f0a",
    "data": [
      {
        "text": "Do you love to do something",
        "userDefined": false
      }
    ],
    "isTemplate": false,
    "count": 0,
    "lang": "en",
    "updated": 0
  },
  {
    "id": "c067ea79-6bf7-4beb-b6d9-6ca231940f26",
    "data": [
      {
        "text": "Do you love to eat something",
        "userDefined": false
      }
    ],
    "isTemplate": false,
    "count": 0,
    "lang": "en",
    "updated": 0
  },
  {
    "id": "25b90068-762c-4a86-9803-16e28b21eb78",
    "data": [
      {
        "text": "You like food right?",
        "userDefined": false
      }
    ],
    "isTemplate": false,
    "count": 0,
    "lang": "en",
    "updated": 0
  },
  {
    "id": "acb4bd6b-aad0-414b-afb4-8dcf7ee34891",
    "data": [
      {
        "text": "You love food right?",
        "userDefined": false
      }
    ],
    "isTemplate": false,
    "count": 0,
    "lang": "en",
    "updated": 0
  },
  {
    "id": "e48727fe-1415-4b18-8bd4-405255991e64",
    "data": [
      {
        "text": "You love",
        "userDefined": false
      }
    ],
    "isTemplate": false,
    "count": 0,
    "lang": "en",
    "updated": 0
  },
  {
    "id": "cc2b8917-be6e-463e-8855-d75095fe551a",
    "data": [
      {
        "text": "Do you love",
        "userDefined": false
      }
    ],
    "isTemplate": false,
    "count": 0,
    "lang": "en",
    "updated": 0
  },
  {
    "id": "25915705-5d18-4fc8-a5d1-8c72abc1bdd1",
    "data": [
      {
        "text": "Do you like foot",
        "userDefined": false
      }
    ],
    "isTemplate": false,
    "count": 0,
    "lang": "en",
    "updated": 0
  },
  {
    "id": "079043ba-8075-4521-8796-3c6d5c15eb82",
    "data": [
      {
        "text": "Do you like chicken?",
        "userDefined": false
      }
    ],
    "isTemplate": false,
    "count": 0,
    "lang": "en",
    "updated": 0
  },
  {
    "id": "bbf4a4c9-d346-493e-a2dd-4b4dac9ef2bd",
    "data": [
      {
        "text": "Do like",
        "userDefined": false
      }
    ],
    "isTemplate": false,
    "count": 0,
    "lang": "en",
    "updated": 0
  },
  {
    "id": "04571460-6dd7-4018-9d5b-0b5688b593d1",
    "data": [
      {
        "text": "Do u like",
        "userDefined": false
      }
    ],
    "isTemplate": false,
    "count": 0,
    "lang": "en",
    "updated": 0
  },
  {
    "id": "daf6f42f-a76d-4f88-8f86-bcf13107d6f7",
    "data": [
      {
        "text": "u like",
        "meta": "@sys.ignore",
        "userDefined": false
      }
    ],
    "isTemplate": false,
    "count": 0,
    "lang": "en",
    "updated": 0
  },
  {
    "id": "a84809bb-f45f-4724-9e2f-88cb84823a81",
    "data": [
      {
        "text": "You like",
        "userDefined": false
      }
    ],
    "isTemplate": false,
    "count": 0,
    "lang": "en",
    "updated": 0
  },
  {
    "id": "1b9bb867-549c-48ef-9fe8-210cde8ab870",
    "data": [
      {
        "text": "Do you like",
        "userDefined": false
      }
    ],
    "isTemplate": false,
    "count": 0,
    "lang": "en",
    "updated": 0
  }
]