[
  {
    "id": "bfb95709-e3b7-4d74-9744-a8c06e24dc8d",
    "data": [
      {
        "text": "Can you go sleep ?",
        "userDefined": false
      }
    ],
    "isTemplate": false,
    "count": 1,
    "lang": "en",
    "updated": 0
  },
  {
    "id": "07593171-31ee-4ebc-881c-c2dfbe065c94",
    "data": [
      {
        "text": "keep moving forward",
        "userDefined": false
      }
    ],
    "isTemplate": false,
    "count": 1,
    "lang": "en",
    "updated": 0
  },
  {
    "id": "0bcc7ea0-d4de-46a6-ac55-7fa55fd605bb",
    "data": [
      {
        "text": "go to sleep bro",
        "userDefined": false
      }
    ],
    "isTemplate": false,
    "count": 1,
    "lang": "en",
    "updated": 0
  },
  {
    "id": "d3f47652-b054-4920-940f-a64db0714b89",
    "data": [
      {
        "text": "are you still watching ***n?",
        "userDefined": false
      }
    ],
    "isTemplate": false,
    "count": 0,
    "lang": "en",
    "updated": 0
  },
  {
    "id": "933bb4b4-f992-4e9b-a75f-76137bea6686",
    "data": [
      {
        "text": "Wanna DM ?",
        "userDefined": false
      }
    ],
    "isTemplate": false,
    "count": 0,
    "lang": "en",
    "updated": 0
  },
  {
    "id": "f70a5c8b-b27a-4f88-9d12-dc2b5407aece",
    "data": [
      {
        "text": "do you want to do",
        "userDefined": false
      }
    ],
    "isTemplate": false,
    "count": 0,
    "lang": "en",
    "updated": 0
  },
  {
    "id": "d67fa332-f70f-44c8-b5d0-548aad574615",
    "data": [
      {
        "text": "do want to do",
        "userDefined": false
      }
    ],
    "isTemplate": false,
    "count": 0,
    "lang": "en",
    "updated": 0
  },
  {
    "id": "2b2ce246-b2be-4683-9b70-5754f9378342",
    "data": [
      {
        "text": "do you want to do something",
        "userDefined": false
      }
    ],
    "isTemplate": false,
    "count": 0,
    "lang": "en",
    "updated": 0
  },
  {
    "id": "eedf8a94-ae57-4d72-9a3d-f09a4b3fdd78",
    "data": [
      {
        "text": "wanna do something",
        "userDefined": false
      }
    ],
    "isTemplate": false,
    "count": 0,
    "lang": "en",
    "updated": 0
  },
  {
    "id": "dd18a917-ddd6-49e7-8c3f-d7ee519db491",
    "data": [
      {
        "text": "Wanna do",
        "userDefined": false
      }
    ],
    "isTemplate": false,
    "count": 0,
    "lang": "en",
    "updated": 0
  },
  {
    "id": "717ec2ea-53a0-4500-912e-b83eb0b04a35",
    "data": [
      {
        "text": "wanna do something?",
        "userDefined": false
      }
    ],
    "isTemplate": false,
    "count": 0,
    "lang": "en",
    "updated": 0
  },
  {
    "id": "ce1aa10a-1ac3-42f5-9338-0bf2115f67e7",
    "data": [
      {
        "text": "Do you want to have sex?",
        "userDefined": false
      }
    ],
    "isTemplate": false,
    "count": 0,
    "lang": "en",
    "updated": 0
  },
  {
    "id": "14920b45-2a7d-4b28-92a5-5fd45822d760",
    "data": [
      {
        "text": "You want to fuck?",
        "userDefined": false
      }
    ],
    "isTemplate": false,
    "count": 0,
    "lang": "en",
    "updated": 0
  },
  {
    "id": "f13f7079-a329-47d7-9323-a7b58ee2601f",
    "data": [
      {
        "text": "Wanna talk in DM?",
        "userDefined": false
      }
    ],
    "isTemplate": false,
    "count": 0,
    "lang": "en",
    "updated": 0
  },
  {
    "id": "d123c800-e864-4449-bc33-a58dfb90852a",
    "data": [
      {
        "text": "Wanna fuck?",
        "userDefined": false
      }
    ],
    "isTemplate": false,
    "count": 0,
    "lang": "en",
    "updated": 0
  }
]