[
  {
    "id": "605723c2-b763-45c3-b249-c043c9b51cca",
    "data": [
      {
        "text": "Who developed you?",
        "userDefined": false
      }
    ],
    "isTemplate": false,
    "count": 0,
    "lang": "en",
    "updated": 0
  },
  {
    "id": "9f79244b-33cd-4c45-a932-c7cef06e3d69",
    "data": [
      {
        "text": "Who is the developer that made you",
        "userDefined": false
      }
    ],
    "isTemplate": false,
    "count": 0,
    "lang": "en",
    "updated": 0
  },
  {
    "id": "8f515272-dfe3-44ab-b003-542668d9a80e",
    "data": [
      {
        "text": "Who created you",
        "userDefined": false
      }
    ],
    "isTemplate": false,
    "count": 0,
    "lang": "en",
    "updated": 0
  },
  {
    "id": "7cdae83f-e32b-4f9b-98e2-0538669a033e",
    "data": [
      {
        "text": "Who made you?",
        "userDefined": false
      }
    ],
    "isTemplate": false,
    "count": 0,
    "lang": "en",
    "updated": 0
  },
  {
    "id": "4c3caff7-b62c-478a-ae96-75625fab3605",
    "data": [
      {
        "text": "Who is your mom?",
        "userDefined": false
      }
    ],
    "isTemplate": false,
    "count": 0,
    "lang": "en",
    "updated": 0
  },
  {
    "id": "a1ad9aa4-8370-423c-8d82-648fde0c4151",
    "data": [
      {
        "text": "Ur mom name?",
        "userDefined": false
      }
    ],
    "isTemplate": false,
    "count": 0,
    "lang": "en",
    "updated": 0
  },
  {
    "id": "59c00805-cc8c-4757-9851-1997a54836f2",
    "data": [
      {
        "text": "Your mom name",
        "userDefined": false
      }
    ],
    "isTemplate": false,
    "count": 0,
    "lang": "en",
    "updated": 0
  },
  {
    "id": "bbaecee9-2174-458e-9a83-e988411e61cc",
    "data": [
      {
        "text": "Your dad name",
        "userDefined": false
      }
    ],
    "isTemplate": false,
    "count": 0,
    "lang": "en",
    "updated": 0
  },
  {
    "id": "03355111-3bcb-430c-984c-f79c3cc4dd53",
    "data": [
      {
        "text": "Ur mom name",
        "userDefined": false
      }
    ],
    "isTemplate": false,
    "count": 0,
    "lang": "en",
    "updated": 0
  },
  {
    "id": "36200fca-ad03-49a9-8a19-6f2ec17ba49a",
    "data": [
      {
        "text": "Ur dad name",
        "userDefined": false
      }
    ],
    "isTemplate": false,
    "count": 0,
    "lang": "en",
    "updated": 0
  },
  {
    "id": "0dc691de-35fa-494a-b19c-6ab1882b5aae",
    "data": [
      {
        "text": "What is ur mom name",
        "userDefined": false
      }
    ],
    "isTemplate": false,
    "count": 0,
    "lang": "en",
    "updated": 0
  },
  {
    "id": "4fcc2d95-a1cf-4923-8243-a53921cb390c",
    "data": [
      {
        "text": "What is ur dad name",
        "userDefined": false
      }
    ],
    "isTemplate": false,
    "count": 0,
    "lang": "en",
    "updated": 0
  },
  {
    "id": "fc55e93d-97d8-4228-864b-599e86599666",
    "data": [
      {
        "text": "Who is ur ",
        "userDefined": false
      },
      {
        "text": "dad",
        "meta": "@sys.ignore",
        "userDefined": false
      }
    ],
    "isTemplate": false,
    "count": 0,
    "lang": "en",
    "updated": 0
  },
  {
    "id": "d1363e8f-b868-430c-a351-cf2cb7219b70",
    "data": [
      {
        "text": "Who is ",
        "userDefined": false
      },
      {
        "text": "ur",
        "meta": "@sys.ignore",
        "userDefined": false
      },
      {
        "text": " mom",
        "userDefined": false
      }
    ],
    "isTemplate": false,
    "count": 0,
    "lang": "en",
    "updated": 0
  },
  {
    "id": "5d78b162-4922-4194-a7c3-85b6d805019d",
    "data": [
      {
        "text": "What is your mama name",
        "userDefined": false
      }
    ],
    "isTemplate": false,
    "count": 0,
    "lang": "en",
    "updated": 0
  },
  {
    "id": "79db1ab2-fa5b-48fa-b175-a617a058129e",
    "data": [
      {
        "text": "What is your papa name",
        "userDefined": false
      }
    ],
    "isTemplate": false,
    "count": 0,
    "lang": "en",
    "updated": 0
  },
  {
    "id": "defaae4e-983d-4298-9cca-7cd7daeb41a2",
    "data": [
      {
        "text": "Who is your mama",
        "userDefined": false
      }
    ],
    "isTemplate": false,
    "count": 0,
    "lang": "en",
    "updated": 0
  },
  {
    "id": "8e747c8f-72f6-4bf3-802b-b1cade03037a",
    "data": [
      {
        "text": "Who is your papa?",
        "userDefined": false
      }
    ],
    "isTemplate": false,
    "count": 0,
    "lang": "en",
    "updated": 0
  },
  {
    "id": "000784bb-adf9-4512-8ada-0b995429e09a",
    "data": [
      {
        "text": "What is your mother name?",
        "userDefined": false
      }
    ],
    "isTemplate": false,
    "count": 0,
    "lang": "en",
    "updated": 0
  },
  {
    "id": "ddc289ad-dc4f-480c-887b-6f9a1b2145b1",
    "data": [
      {
        "text": "What is your vater name?",
        "userDefined": false
      }
    ],
    "isTemplate": false,
    "count": 0,
    "lang": "en",
    "updated": 0
  },
  {
    "id": "f3e8b686-80f3-40a8-b06a-e5633b506e14",
    "data": [
      {
        "text": "Who is your Vater?",
        "userDefined": false
      }
    ],
    "isTemplate": false,
    "count": 0,
    "lang": "en",
    "updated": 0
  },
  {
    "id": "9fea71a8-b775-4632-ad79-439192b9161a",
    "data": [
      {
        "text": "Who is your Mother?",
        "userDefined": false
      }
    ],
    "isTemplate": false,
    "count": 0,
    "lang": "en",
    "updated": 0
  }
]