[
  {
    "id": "068a2a0c-6916-4b36-8366-977f778f7b4d",
    "data": [
      {
        "text": "What day it is",
        "userDefined": false
      }
    ],
    "isTemplate": false,
    "count": 2,
    "lang": "en",
    "updated": 0
  },
  {
    "id": "eb25c2d5-cc22-491b-81e8-4cb7646f21ec",
    "data": [
      {
        "text": "What day it was",
        "userDefined": false
      }
    ],
    "isTemplate": false,
    "count": 1,
    "lang": "en",
    "updated": 0
  },
  {
    "id": "25f6f50a-5d6c-4207-bc4d-f5f9b52cd73e",
    "data": [
      {
        "text": "Who is ur boos",
        "userDefined": false
      }
    ],
    "isTemplate": false,
    "count": 0,
    "lang": "en",
    "updated": 0
  },
  {
    "id": "6c29d43a-616c-4a48-afbb-a3b760d77f86",
    "data": [
      {
        "text": "what day is it",
        "userDefined": false
      }
    ],
    "isTemplate": false,
    "count": 1,
    "lang": "en",
    "updated": 0
  },
  {
    "id": "7a902a05-21bb-49de-b218-b5b3340a71e3",
    "data": [
      {
        "text": "how old is your boss",
        "userDefined": false
      }
    ],
    "isTemplate": false,
    "count": 1,
    "lang": "en",
    "updated": 0
  },
  {
    "id": "b7522507-b4e2-4a17-bb46-9d9d1ace3d71",
    "data": [
      {
        "text": "how was ur day?",
        "userDefined": false
      }
    ],
    "isTemplate": false,
    "count": 0,
    "lang": "en",
    "updated": 0
  },
  {
    "id": "91b6343c-d3b9-43e8-8060-dbabd698e9a0",
    "data": [
      {
        "text": "How is your going on?",
        "userDefined": false
      }
    ],
    "isTemplate": false,
    "count": 1,
    "lang": "en",
    "updated": 0
  },
  {
    "id": "5e0106eb-50e4-45f0-b51a-66c759926c8d",
    "data": [
      {
        "text": "How is your day going on ?",
        "userDefined": false
      }
    ],
    "isTemplate": false,
    "count": 0,
    "lang": "en",
    "updated": 0
  },
  {
    "id": "47a9a068-dc89-4104-8c8e-74d2054f07b5",
    "data": [
      {
        "text": "So how is your day going on?",
        "userDefined": false
      }
    ],
    "isTemplate": false,
    "count": 0,
    "lang": "en",
    "updated": 0
  },
  {
    "id": "25656f6f-2bae-4043-9fef-c1949f5e6736",
    "data": [
      {
        "text": "How was your sleep?",
        "userDefined": false
      }
    ],
    "isTemplate": false,
    "count": 0,
    "lang": "en",
    "updated": 0
  },
  {
    "id": "2004cd2c-91be-4c1e-80cf-226f38880d70",
    "data": [
      {
        "text": "How was the sleep?",
        "userDefined": false
      }
    ],
    "isTemplate": false,
    "count": 0,
    "lang": "en",
    "updated": 0
  },
  {
    "id": "6cb057a1-5d42-4142-9d2b-ef9afb2d8ba0",
    "data": [
      {
        "text": "Was the Holiday bad?",
        "userDefined": false
      }
    ],
    "isTemplate": false,
    "count": 0,
    "lang": "en",
    "updated": 0
  },
  {
    "id": "1f49bbb7-d225-4f7a-aa77-206186e6620b",
    "data": [
      {
        "text": "Was the Holiday good?",
        "userDefined": false
      }
    ],
    "isTemplate": false,
    "count": 0,
    "lang": "en",
    "updated": 0
  },
  {
    "id": "d1e0883d-47e5-4390-8761-e8bf75589208",
    "data": [
      {
        "text": "How was the Holiday ?",
        "userDefined": false
      }
    ],
    "isTemplate": false,
    "count": 0,
    "lang": "en",
    "updated": 0
  },
  {
    "id": "d465289d-ba67-4675-b81d-54cdeb0c1468",
    "data": [
      {
        "text": "How was  the day?",
        "userDefined": false
      }
    ],
    "isTemplate": false,
    "count": 0,
    "lang": "en",
    "updated": 0
  },
  {
    "id": "407df73b-6a3f-4912-a229-e7dadc07d67a",
    "data": [
      {
        "text": "Is your day bad?",
        "userDefined": false
      }
    ],
    "isTemplate": false,
    "count": 0,
    "lang": "en",
    "updated": 0
  },
  {
    "id": "21a4003c-b823-4b9e-be12-d2fbef0afb75",
    "data": [
      {
        "text": "Is your day good?",
        "userDefined": false
      }
    ],
    "isTemplate": false,
    "count": 0,
    "lang": "en",
    "updated": 0
  },
  {
    "id": "a791e7bc-ee70-4772-857b-739506af0977",
    "data": [
      {
        "text": "How is your day?",
        "userDefined": false
      }
    ],
    "isTemplate": false,
    "count": 0,
    "lang": "en",
    "updated": 0
  },
  {
    "id": "ecbb3528-1de6-4f12-8bdc-c620eac3d027",
    "data": [
      {
        "text": "So how was your day?",
        "userDefined": false
      }
    ],
    "isTemplate": false,
    "count": 0,
    "lang": "en",
    "updated": 0
  }
]