[
  {
    "id": "22b7e616-f9d3-474b-a568-85b74e18bc93",
    "data": [
      {
        "text": "Damm you learn this by ur self, i haven\u0027t done anything with this sentence",
        "userDefined": false
      }
    ],
    "isTemplate": false,
    "count": 1,
    "lang": "en",
    "updated": 0
  },
  {
    "id": "2dd58c12-4995-45f0-ae8c-1fd1fa9d92ac",
    "data": [
      {
        "text": "Gut gut",
        "userDefined": false
      }
    ],
    "isTemplate": false,
    "count": 2,
    "lang": "en",
    "updated": 0
  },
  {
    "id": "af00df59-5031-44f6-980c-8e7be344fe38",
    "data": [
      {
        "text": "Gut",
        "userDefined": false
      }
    ],
    "isTemplate": false,
    "count": 1,
    "lang": "en",
    "updated": 0
  },
  {
    "id": "69bd7bcb-8a52-4dab-b07d-7072bab4588d",
    "data": [
      {
        "text": "you are rude",
        "userDefined": false
      }
    ],
    "isTemplate": false,
    "count": 0,
    "lang": "en",
    "updated": 0
  },
  {
    "id": "1e07cc6b-446e-48bb-b71b-78b1bbd1d64b",
    "data": [
      {
        "text": "damm noice",
        "userDefined": false
      }
    ],
    "isTemplate": false,
    "count": 0,
    "lang": "en",
    "updated": 0
  },
  {
    "id": "0cd552fd-562d-446d-bc79-bdf7164e81ab",
    "data": [
      {
        "text": "damm ",
        "userDefined": false
      },
      {
        "text": "noice",
        "alias": "person",
        "userDefined": false
      }
    ],
    "isTemplate": false,
    "count": 0,
    "lang": "en",
    "updated": 0
  },
  {
    "id": "18522a92-3ed6-4e87-9022-18c426575ad1",
    "data": [
      {
        "text": "you are so rude talky-bot",
        "userDefined": false
      }
    ],
    "isTemplate": false,
    "count": 0,
    "lang": "en",
    "updated": 0
  },
  {
    "id": "bba45f82-b701-4ce3-8709-6a53f2adec70",
    "data": [
      {
        "text": "damm ",
        "userDefined": false
      },
      {
        "text": "noice",
        "meta": "@sys.person",
        "alias": "person",
        "userDefined": false
      }
    ],
    "isTemplate": false,
    "count": 0,
    "lang": "en",
    "updated": 0
  },
  {
    "id": "74c7a143-7397-4c63-b29c-a00344c38673",
    "data": [
      {
        "text": "why so toxic",
        "userDefined": false
      }
    ],
    "isTemplate": false,
    "count": 0,
    "lang": "en",
    "updated": 0
  },
  {
    "id": "6419e3b4-1959-452f-8d46-e096de7b446a",
    "data": [
      {
        "text": "damm this bot is cool",
        "userDefined": false
      }
    ],
    "isTemplate": false,
    "count": 1,
    "lang": "en",
    "updated": 0
  },
  {
    "id": "d9a44ff5-9ef1-480d-8c32-33004378f81b",
    "data": [
      {
        "text": "Damm, this bot is cool",
        "userDefined": false
      }
    ],
    "isTemplate": false,
    "count": 1,
    "lang": "en",
    "updated": 0
  },
  {
    "id": "bb63f7cb-00a5-44aa-82e6-4b9c8d46d03f",
    "data": [
      {
        "text": "He is good bot",
        "userDefined": false
      }
    ],
    "isTemplate": false,
    "count": 0,
    "lang": "en",
    "updated": 0
  },
  {
    "id": "8818a982-da72-4603-af8f-0555362242a1",
    "data": [
      {
        "text": "Ur cool",
        "userDefined": false
      }
    ],
    "isTemplate": false,
    "count": 0,
    "lang": "en",
    "updated": 0
  },
  {
    "id": "e992f72c-4947-492a-9fc1-ee9148d5e823",
    "data": [
      {
        "text": "You are so cool",
        "userDefined": false
      }
    ],
    "isTemplate": false,
    "count": 0,
    "lang": "en",
    "updated": 0
  },
  {
    "id": "a1d2a5f4-190a-4c99-9d1b-4f14251d55bc",
    "data": [
      {
        "text": "Cool bot bro",
        "userDefined": false
      }
    ],
    "isTemplate": false,
    "count": 0,
    "lang": "en",
    "updated": 0
  },
  {
    "id": "2db7d017-cb27-4511-a45c-d899db4c8d2e",
    "data": [
      {
        "text": "Damm this is a nice bot",
        "userDefined": false
      }
    ],
    "isTemplate": false,
    "count": 0,
    "lang": "en",
    "updated": 0
  },
  {
    "id": "24846128-35a1-4cca-88f2-415f74425f59",
    "data": [
      {
        "text": "Nice bot bro",
        "userDefined": false
      }
    ],
    "isTemplate": false,
    "count": 0,
    "lang": "en",
    "updated": 0
  },
  {
    "id": "c5dd30f4-9577-45a1-910f-9a0712b29e72",
    "data": [
      {
        "text": "Cool bot",
        "userDefined": false
      }
    ],
    "isTemplate": false,
    "count": 0,
    "lang": "en",
    "updated": 0
  },
  {
    "id": "8fac5d6f-577a-4534-8ad9-810c6b304d87",
    "data": [
      {
        "text": "This bot is cool",
        "userDefined": false
      }
    ],
    "isTemplate": false,
    "count": 0,
    "lang": "en",
    "updated": 0
  },
  {
    "id": "71cf592a-190a-4bfd-80fe-f0bf5804f2b5",
    "data": [
      {
        "text": "Damm, this bot is good",
        "userDefined": false
      }
    ],
    "isTemplate": false,
    "count": 0,
    "lang": "en",
    "updated": 0
  }
]