[
  {
    "id": "56d6725c-6037-4180-9952-2059b762c130",
    "data": [
      {
        "text": "what is the date",
        "userDefined": false
      }
    ],
    "isTemplate": false,
    "count": 1,
    "lang": "en",
    "updated": 0
  },
  {
    "id": "053ee8bb-eec2-44cc-8c5a-ecf1dae18fc9",
    "data": [
      {
        "text": "what is the date?",
        "userDefined": false
      }
    ],
    "isTemplate": false,
    "count": 2,
    "lang": "en",
    "updated": 0
  },
  {
    "id": "c07b24b8-018e-4441-9ff4-3fac33c20826",
    "data": [
      {
        "text": "What is date",
        "userDefined": false
      }
    ],
    "isTemplate": false,
    "count": 1,
    "lang": "en",
    "updated": 0
  },
  {
    "id": "6e146187-8cd5-4823-99e2-2f99ae8f835c",
    "data": [
      {
        "text": "Date",
        "userDefined": false
      }
    ],
    "isTemplate": false,
    "count": 0,
    "lang": "en",
    "updated": 0
  },
  {
    "id": "f5520c98-c1f5-43c9-abb3-59041d530dcf",
    "data": [
      {
        "text": "Tell Date",
        "userDefined": false
      }
    ],
    "isTemplate": false,
    "count": 0,
    "lang": "en",
    "updated": 0
  },
  {
    "id": "5be1c888-fc94-4ff2-8855-5ac69fec1319",
    "data": [
      {
        "text": "Tell me the Date",
        "userDefined": false
      }
    ],
    "isTemplate": false,
    "count": 0,
    "lang": "en",
    "updated": 0
  },
  {
    "id": "9429b4e4-6bc6-4d44-9aa6-0ee2b621ea20",
    "data": [
      {
        "text": "Can you tell me the Date",
        "userDefined": false
      }
    ],
    "isTemplate": false,
    "count": 0,
    "lang": "en",
    "updated": 0
  },
  {
    "id": "8ac08b5b-d53e-4c40-8181-a3f102c6e925",
    "data": [
      {
        "text": "What is the date",
        "userDefined": false
      }
    ],
    "isTemplate": false,
    "count": 0,
    "lang": "en",
    "updated": 0
  }
]