[
  {
    "id": "a5087097-bdf6-40ae-a4da-d2837ab56e38",
    "data": [
      {
        "text": "What is the member count",
        "userDefined": false
      }
    ],
    "isTemplate": false,
    "count": 1,
    "lang": "en",
    "updated": 0
  },
  {
    "id": "8bd63220-2314-4242-a10b-69778f4596ee",
    "data": [
      {
        "text": "How much is the member count",
        "userDefined": false
      }
    ],
    "isTemplate": false,
    "count": 0,
    "lang": "en",
    "updated": 0
  },
  {
    "id": "cc67e833-aa94-409a-ad68-6cb9714a6d85",
    "data": [
      {
        "text": "member-count",
        "userDefined": false
      }
    ],
    "isTemplate": false,
    "count": 0,
    "lang": "en",
    "updated": 0
  },
  {
    "id": "7515c80e-bf42-458a-97a4-556dfa087d3e",
    "data": [
      {
        "text": "MemberCount",
        "userDefined": false
      }
    ],
    "isTemplate": false,
    "count": 0,
    "lang": "en",
    "updated": 0
  },
  {
    "id": "dfa0bead-c979-4e6a-b11c-be06cfa57a17",
    "data": [
      {
        "text": "Member count",
        "userDefined": false
      }
    ],
    "isTemplate": false,
    "count": 0,
    "lang": "en",
    "updated": 0
  },
  {
    "id": "430e8863-ffc5-4147-98f1-c0a7861f107b",
    "data": [
      {
        "text": "How much people are in this server",
        "userDefined": false
      }
    ],
    "isTemplate": false,
    "count": 0,
    "lang": "en",
    "updated": 0
  },
  {
    "id": "b2ae19e8-cbfa-4275-aab9-9f949e682044",
    "data": [
      {
        "text": "How many people in this server",
        "userDefined": false
      }
    ],
    "isTemplate": false,
    "count": 0,
    "lang": "en",
    "updated": 0
  },
  {
    "id": "5b964d5f-7e3f-435f-b1d5-5b74726b629a",
    "data": [
      {
        "text": "How many people are in this server",
        "userDefined": false
      }
    ],
    "isTemplate": false,
    "count": 0,
    "lang": "en",
    "updated": 0
  },
  {
    "id": "27d43e7b-621f-41c6-b24f-c6bab48142bb",
    "data": [
      {
        "text": "Can you tell me the member count",
        "userDefined": false
      }
    ],
    "isTemplate": false,
    "count": 0,
    "lang": "en",
    "updated": 0
  }
]