[
  {
    "id": "7636bc89-405a-4fea-826f-107c53c6c6e5",
    "data": [
      {
        "text": "yes",
        "userDefined": false
      }
    ],
    "isTemplate": false,
    "count": 0,
    "lang": "en",
    "updated": 0
  },
  {
    "id": "e4b8fdba-7ab9-4480-8fa7-734150da6bca",
    "data": [
      {
        "text": "bye Cutie Cat",
        "userDefined": false
      }
    ],
    "isTemplate": false,
    "count": 0,
    "lang": "en",
    "updated": 0
  },
  {
    "id": "bbf27782-091b-44cb-9667-a6f67991f8b2",
    "data": [
      {
        "text": "I gtg bye",
        "userDefined": false
      }
    ],
    "isTemplate": false,
    "count": 0,
    "lang": "en",
    "updated": 0
  },
  {
    "id": "a405cf74-2e22-48a7-98d6-057188f729fb",
    "data": [
      {
        "text": "I gtg",
        "userDefined": false
      }
    ],
    "isTemplate": false,
    "count": 0,
    "lang": "en",
    "updated": 0
  },
  {
    "id": "bffa7a42-361b-4c26-bf1e-82ec85a1e4f8",
    "data": [
      {
        "text": "Bye bro, gtg",
        "userDefined": false
      }
    ],
    "isTemplate": false,
    "count": 0,
    "lang": "en",
    "updated": 0
  },
  {
    "id": "7a008d87-ef8c-4177-970b-1941f411af83",
    "data": [
      {
        "text": "Bye, i gtg",
        "userDefined": false
      }
    ],
    "isTemplate": false,
    "count": 0,
    "lang": "en",
    "updated": 0
  },
  {
    "id": "28e9e20d-62c4-4b25-983f-6bb2f1b3b2f5",
    "data": [
      {
        "text": "Bye, Im busy rn",
        "userDefined": false
      }
    ],
    "isTemplate": false,
    "count": 0,
    "lang": "en",
    "updated": 0
  },
  {
    "id": "6459587e-5a41-440b-8735-1200c8583e97",
    "data": [
      {
        "text": "Bye, Im busy right now",
        "userDefined": false
      }
    ],
    "isTemplate": false,
    "count": 0,
    "lang": "en",
    "updated": 0
  },
  {
    "id": "efe8a998-77eb-4051-8081-0a904c35e3f8",
    "data": [
      {
        "text": "I got to go",
        "userDefined": false
      }
    ],
    "isTemplate": false,
    "count": 0,
    "lang": "en",
    "updated": 0
  },
  {
    "id": "4d671266-baf8-4fff-973c-0963d08a8210",
    "data": [
      {
        "text": "I have to go",
        "userDefined": false
      }
    ],
    "isTemplate": false,
    "count": 0,
    "lang": "en",
    "updated": 0
  },
  {
    "id": "f957325a-8f86-455f-94d7-5bfa3ee788d3",
    "data": [
      {
        "text": "I have to go take shower bye",
        "userDefined": false
      }
    ],
    "isTemplate": false,
    "count": 0,
    "lang": "en",
    "updated": 0
  },
  {
    "id": "f05b4875-2d2e-46fd-9cfd-0c2d7453a537",
    "data": [
      {
        "text": "I have to go eat bro",
        "userDefined": false
      }
    ],
    "isTemplate": false,
    "count": 0,
    "lang": "en",
    "updated": 0
  },
  {
    "id": "7d8c2ee6-daae-4584-aede-c8d479e84379",
    "data": [
      {
        "text": "I gtg bro",
        "userDefined": false
      }
    ],
    "isTemplate": false,
    "count": 0,
    "lang": "en",
    "updated": 0
  }
]