[
  {
    "id": "95f5977c-04cd-4aa3-88ab-d7d615557666",
    "data": [
      {
        "text": "Lmao",
        "userDefined": false
      }
    ],
    "isTemplate": false,
    "count": 2,
    "lang": "en",
    "updated": 0
  },
  {
    "id": "557e5dec-b08b-49e2-b8f3-7978ba8568c9",
    "data": [
      {
        "text": "lmao",
        "userDefined": false
      }
    ],
    "isTemplate": false,
    "count": 1,
    "lang": "en",
    "updated": 0
  },
  {
    "id": "20d288c9-4672-45bf-a002-0e2b0ea4ff05",
    "data": [
      {
        "text": "😄",
        "userDefined": false
      }
    ],
    "isTemplate": false,
    "count": 2,
    "lang": "en",
    "updated": 0
  },
  {
    "id": "11ebed82-9d33-45be-bb6c-51d7e60d8002",
    "data": [
      {
        "text": "LMAO",
        "userDefined": false
      }
    ],
    "isTemplate": false,
    "count": 0,
    "lang": "en",
    "updated": 0
  },
  {
    "id": "28ed23d5-0410-4ac4-9fb6-2ed1087d6a95",
    "data": [
      {
        "text": "xD",
        "userDefined": false
      }
    ],
    "isTemplate": false,
    "count": 1,
    "lang": "en",
    "updated": 0
  },
  {
    "id": "e95918d8-1411-46bf-86ec-c5db5246e464",
    "data": [
      {
        "text": "🙂",
        "userDefined": false
      }
    ],
    "isTemplate": false,
    "count": 0,
    "lang": "en",
    "updated": 0
  },
  {
    "id": "f142923e-6405-4c43-9aa4-741daed44e6f",
    "data": [
      {
        "text": ":d",
        "userDefined": false
      }
    ],
    "isTemplate": false,
    "count": 0,
    "lang": "en",
    "updated": 0
  },
  {
    "id": "9bfd6c63-33a3-4059-aec3-899c44daddbe",
    "data": [
      {
        "text": "gg",
        "userDefined": false
      }
    ],
    "isTemplate": false,
    "count": 1,
    "lang": "en",
    "updated": 0
  },
  {
    "id": "611eae64-58a3-4e85-8512-720860c63681",
    "data": [
      {
        "text": "☺)",
        "userDefined": false
      }
    ],
    "isTemplate": false,
    "count": 0,
    "lang": "en",
    "updated": 0
  },
  {
    "id": "1fe9ccb2-9619-4a46-a8aa-00d05c94e953",
    "data": [
      {
        "text": "ahhaha",
        "userDefined": false
      }
    ],
    "isTemplate": false,
    "count": 0,
    "lang": "en",
    "updated": 0
  },
  {
    "id": "e30d6d1a-6273-499d-a140-8a92f1a6da21",
    "data": [
      {
        "text": "hahahah",
        "userDefined": false
      }
    ],
    "isTemplate": false,
    "count": 0,
    "lang": "en",
    "updated": 0
  },
  {
    "id": "c88f39c9-77bb-4891-a985-c4458c1c17a5",
    "data": [
      {
        "text": "hehehhe",
        "userDefined": false
      }
    ],
    "isTemplate": false,
    "count": 0,
    "lang": "en",
    "updated": 0
  },
  {
    "id": "b79573d6-e573-411d-b5c1-64d2a105129f",
    "data": [
      {
        "text": "Hehehehehe",
        "userDefined": false
      }
    ],
    "isTemplate": false,
    "count": 0,
    "lang": "en",
    "updated": 0
  },
  {
    "id": "23d6b936-f833-4098-974b-83982a3709be",
    "data": [
      {
        "text": "Hahahah",
        "userDefined": false
      }
    ],
    "isTemplate": false,
    "count": 0,
    "lang": "en",
    "updated": 0
  },
  {
    "id": "1b49efb0-4a47-48e7-a271-868a4029edc9",
    "data": [
      {
        "text": "Lmfao",
        "meta": "@sys.ignore",
        "userDefined": false
      }
    ],
    "isTemplate": false,
    "count": 0,
    "lang": "en",
    "updated": 0
  },
  {
    "id": "3b25012d-ffa8-43ae-a052-259f391a98ef",
    "data": [
      {
        "text": "LiL",
        "meta": "@sys.ignore",
        "userDefined": false
      }
    ],
    "isTemplate": false,
    "count": 0,
    "lang": "en",
    "updated": 0
  },
  {
    "id": "d09b88fa-0db6-4a8b-8b0d-a9feb16b4b98",
    "data": [
      {
        "text": "Lul",
        "userDefined": false
      }
    ],
    "isTemplate": false,
    "count": 0,
    "lang": "en",
    "updated": 0
  },
  {
    "id": "7bf98798-4a4a-4b4a-9170-b53abfdb4f23",
    "data": [
      {
        "text": "L",
        "userDefined": false
      }
    ],
    "isTemplate": false,
    "count": 0,
    "lang": "en",
    "updated": 0
  },
  {
    "id": "8d2c901b-eda7-4ffa-af64-0987716b2257",
    "data": [
      {
        "text": "LoL",
        "userDefined": false
      }
    ],
    "isTemplate": false,
    "count": 0,
    "lang": "en",
    "updated": 0
  }
]