[
  {
    "id": "f155be8e-5d8a-4605-9ea1-24763d21ac4a",
    "data": [
      {
        "text": "OMG",
        "userDefined": false
      }
    ],
    "isTemplate": false,
    "count": 0,
    "lang": "en",
    "updated": 0
  },
  {
    "id": "22783754-fd63-44ab-9bba-0025e362355e",
    "data": [
      {
        "text": "omg",
        "userDefined": false
      }
    ],
    "isTemplate": false,
    "count": 0,
    "lang": "en",
    "updated": 0
  },
  {
    "id": "d564939f-9665-43cc-ac3b-b8493e09f1a5",
    "data": [
      {
        "text": "smh",
        "userDefined": false
      }
    ],
    "isTemplate": false,
    "count": 1,
    "lang": "en",
    "updated": 0
  },
  {
    "id": "d3426ba9-7f49-4d6e-9284-bfd26553a141",
    "data": [
      {
        "text": ". . .",
        "userDefined": false
      }
    ],
    "isTemplate": false,
    "count": 0,
    "lang": "en",
    "updated": 0
  },
  {
    "id": "7b4ec6a5-c821-41b9-a82c-3f241a573c39",
    "data": [
      {
        "text": "smd",
        "userDefined": false
      }
    ],
    "isTemplate": false,
    "count": 0,
    "lang": "en",
    "updated": 0
  },
  {
    "id": "b579f47d-daae-47ce-ab7c-fd552e864f3d",
    "data": [
      {
        "text": "Oh my fucking god",
        "userDefined": false
      }
    ],
    "isTemplate": false,
    "count": 0,
    "lang": "en",
    "updated": 0
  },
  {
    "id": "d06f2c55-d0bd-4d95-b4d7-9bea5d646847",
    "data": [
      {
        "text": "Oh my god",
        "userDefined": false
      }
    ],
    "isTemplate": false,
    "count": 0,
    "lang": "en",
    "updated": 0
  },
  {
    "id": "41b70241-b318-4bb0-bced-621139e903ef",
    "data": [
      {
        "text": "omfg",
        "userDefined": false
      }
    ],
    "isTemplate": false,
    "count": 0,
    "lang": "en",
    "updated": 0
  },
  {
    "id": "e812c80e-615f-4b7c-93e3-33b28162deb9",
    "data": [
      {
        "text": "Omg",
        "userDefined": false
      }
    ],
    "isTemplate": false,
    "count": 0,
    "lang": "en",
    "updated": 0
  }
]