[
  {
    "id": "3db5d56d-a756-4cd5-ad19-0dbf9b99456b",
    "data": [
      {
        "text": "what is the server name?",
        "userDefined": false
      }
    ],
    "isTemplate": false,
    "count": 1,
    "lang": "en",
    "updated": 0
  },
  {
    "id": "3295a5d7-c97e-48d2-86a0-1c0f80bae591",
    "data": [
      {
        "text": "Tell me this server name",
        "userDefined": false
      }
    ],
    "isTemplate": false,
    "count": 0,
    "lang": "en",
    "updated": 0
  },
  {
    "id": "6fb04f46-4f72-43d2-8a43-2a7d0055bc90",
    "data": [
      {
        "text": "This server name",
        "userDefined": false
      }
    ],
    "isTemplate": false,
    "count": 0,
    "lang": "en",
    "updated": 0
  },
  {
    "id": "9fed2a4e-9f9f-476c-8541-777c8435b62b",
    "data": [
      {
        "text": "Server name",
        "userDefined": false
      }
    ],
    "isTemplate": false,
    "count": 0,
    "lang": "en",
    "updated": 0
  },
  {
    "id": "769dcd6b-eae2-48b6-98b2-d295630e9411",
    "data": [
      {
        "text": "Can you tell me the server name",
        "userDefined": false
      }
    ],
    "isTemplate": false,
    "count": 0,
    "lang": "en",
    "updated": 0
  },
  {
    "id": "c737d62b-b4ed-41da-ace0-983acfc1c7b7",
    "data": [
      {
        "text": "Tell me the server name",
        "userDefined": false
      }
    ],
    "isTemplate": false,
    "count": 0,
    "lang": "en",
    "updated": 0
  },
  {
    "id": "51f537ff-d56c-430c-8264-42be51f7d5d0",
    "data": [
      {
        "text": "What is the server name",
        "userDefined": false
      }
    ],
    "isTemplate": false,
    "count": 0,
    "lang": "en",
    "updated": 0
  }
]