[
  {
    "id": "9adbfd13-f7d0-46c4-8c1d-914c74e05489",
    "data": [
      {
        "text": "what are you doing",
        "userDefined": false
      }
    ],
    "isTemplate": false,
    "count": 1,
    "lang": "en",
    "updated": 0
  },
  {
    "id": "68718deb-61eb-490c-9836-3e507525bcfa",
    "data": [
      {
        "text": "noice",
        "meta": "@sys.person",
        "alias": "person",
        "userDefined": false
      }
    ],
    "isTemplate": false,
    "count": 0,
    "lang": "en",
    "updated": 0
  },
  {
    "id": "04575f58-71f6-463d-8231-05b799c9dff9",
    "data": [
      {
        "text": "Wassup ",
        "userDefined": false
      },
      {
        "text": "bro",
        "meta": "@sys.person",
        "alias": "person",
        "userDefined": false
      }
    ],
    "isTemplate": false,
    "count": 1,
    "lang": "en",
    "updated": 0
  },
  {
    "id": "0e7715f1-52f9-42e0-bf48-df9e98074654",
    "data": [
      {
        "text": "what\u0027s up",
        "userDefined": false
      }
    ],
    "isTemplate": false,
    "count": 0,
    "lang": "en",
    "updated": 0
  },
  {
    "id": "013b9cbf-e68a-4dfc-b8d5-74bb34eb06ec",
    "data": [
      {
        "text": "Wassup",
        "userDefined": false
      }
    ],
    "isTemplate": false,
    "count": 1,
    "lang": "en",
    "updated": 0
  },
  {
    "id": "348514dd-d8a9-4daa-9169-fe3bcbcfe678",
    "data": [
      {
        "text": "Hey Talky",
        "userDefined": false
      }
    ],
    "isTemplate": false,
    "count": 0,
    "lang": "en",
    "updated": 0
  },
  {
    "id": "f26be2bf-c05d-4ecf-96ff-388166498a2e",
    "data": [
      {
        "text": "Sup",
        "userDefined": false
      }
    ],
    "isTemplate": false,
    "count": 1,
    "lang": "en",
    "updated": 0
  },
  {
    "id": "23eadc78-1db0-4ade-9acd-ea7d540e2ca0",
    "data": [
      {
        "text": "I am CutieCat",
        "userDefined": false
      }
    ],
    "isTemplate": false,
    "count": 0,
    "lang": "en",
    "updated": 0
  },
  {
    "id": "7d30da82-f773-4a5e-880b-ef5504fc4107",
    "data": [
      {
        "text": "How ya doing?",
        "userDefined": false
      }
    ],
    "isTemplate": false,
    "count": 0,
    "lang": "en",
    "updated": 0
  },
  {
    "id": "d872eb77-1247-4877-9b12-758b3dbee096",
    "data": [
      {
        "text": "wassup ",
        "userDefined": false
      },
      {
        "text": "bro",
        "meta": "@sys.person",
        "alias": "person",
        "userDefined": false
      }
    ],
    "isTemplate": false,
    "count": 0,
    "lang": "en",
    "updated": 0
  },
  {
    "id": "86868e5d-245e-4572-95cc-c268d0e35166",
    "data": [
      {
        "text": "Talky bot",
        "userDefined": false
      }
    ],
    "isTemplate": false,
    "count": 0,
    "lang": "en",
    "updated": 0
  },
  {
    "id": "192b841b-40a5-481b-8fba-c3fb7d998d38",
    "data": [
      {
        "text": "Talky",
        "meta": "@sys.person",
        "alias": "person",
        "userDefined": false
      }
    ],
    "isTemplate": false,
    "count": 0,
    "lang": "en",
    "updated": 0
  },
  {
    "id": "95f6ab18-4f28-496a-870f-f147e3d81f04",
    "data": [
      {
        "text": "Hello",
        "userDefined": false
      }
    ],
    "isTemplate": false,
    "count": 0,
    "lang": "en",
    "updated": 0
  },
  {
    "id": "a9b529e0-e4f5-473d-b652-c92973279b21",
    "data": [
      {
        "text": "Sup noob",
        "userDefined": false
      }
    ],
    "isTemplate": false,
    "count": 0,
    "lang": "en",
    "updated": 0
  },
  {
    "id": "c6115ee0-a7ef-4085-bc0f-e188991011bd",
    "data": [
      {
        "text": "Yo ",
        "userDefined": false
      },
      {
        "text": "bro",
        "meta": "@sys.person",
        "alias": "person",
        "userDefined": false
      }
    ],
    "isTemplate": false,
    "count": 0,
    "lang": "en",
    "updated": 0
  },
  {
    "id": "897406ab-3077-4597-a6c2-6b3bf3bb07b1",
    "data": [
      {
        "text": "Yo wassup",
        "userDefined": false
      }
    ],
    "isTemplate": false,
    "count": 0,
    "lang": "en",
    "updated": 0
  },
  {
    "id": "95beb9b1-77d3-4d5a-b7ef-83f0c3644c9a",
    "data": [
      {
        "text": "How yall doing?",
        "userDefined": false
      }
    ],
    "isTemplate": false,
    "count": 0,
    "lang": "en",
    "updated": 0
  },
  {
    "id": "673cc9ad-e68c-40ef-8f25-f9cfcc9a1462",
    "data": [
      {
        "text": "Wassup?",
        "userDefined": false
      }
    ],
    "isTemplate": false,
    "count": 0,
    "lang": "en",
    "updated": 0
  }
]