[
  {
    "id": "9143ccd7-18a2-4612-bcd4-3bf817c05514",
    "data": [
      {
        "text": "you have learned something, haven\u0027t you?",
        "userDefined": false
      }
    ],
    "isTemplate": false,
    "count": 1,
    "lang": "en",
    "updated": 0
  },
  {
    "id": "f5881855-dba1-444a-8402-7b7fb5d87e8f",
    "data": [
      {
        "text": "ikr \u003d i know right",
        "userDefined": false
      }
    ],
    "isTemplate": false,
    "count": 0,
    "lang": "en",
    "updated": 0
  },
  {
    "id": "0bb0e827-aeb2-41c2-a8a6-d9b57fa6b707",
    "data": [
      {
        "text": "Do you know what is Love?",
        "userDefined": false
      }
    ],
    "isTemplate": false,
    "count": 1,
    "lang": "en",
    "updated": 0
  },
  {
    "id": "91086d01-6d14-47ed-9a86-b41138803740",
    "data": [
      {
        "text": "Do you know what a gay is?",
        "userDefined": false
      }
    ],
    "isTemplate": false,
    "count": 0,
    "lang": "en",
    "updated": 0
  },
  {
    "id": "f0fe5c9d-cf06-4881-8522-cbe7d5db741d",
    "data": [
      {
        "text": "Do you know what is Discord",
        "userDefined": false
      }
    ],
    "isTemplate": false,
    "count": 1,
    "lang": "en",
    "updated": 0
  },
  {
    "id": "bb0e451a-ecc4-4348-a06f-3919cee56fe2",
    "data": [
      {
        "text": "I already know that",
        "userDefined": false
      }
    ],
    "isTemplate": false,
    "count": 1,
    "lang": "en",
    "updated": 0
  },
  {
    "id": "b65c51a5-3453-41be-bb97-c2ba1e014c28",
    "data": [
      {
        "text": "Do you what is a life?",
        "userDefined": false
      }
    ],
    "isTemplate": false,
    "count": 1,
    "lang": "en",
    "updated": 0
  },
  {
    "id": "4bebbd71-4eeb-4236-b27a-db148a227980",
    "data": [
      {
        "text": "Do you like chicken?",
        "userDefined": false
      }
    ],
    "isTemplate": false,
    "count": 0,
    "lang": "en",
    "updated": 0
  },
  {
    "id": "52767cf4-2604-40cd-a6c5-d3287eb4016a",
    "data": [
      {
        "text": "Do you know what is water?",
        "userDefined": false
      }
    ],
    "isTemplate": false,
    "count": 1,
    "lang": "en",
    "updated": 0
  },
  {
    "id": "03331fa5-4aec-415f-b1f8-c26c37bb3613",
    "data": [
      {
        "text": "Do you know",
        "userDefined": false
      }
    ],
    "isTemplate": false,
    "count": 1,
    "lang": "en",
    "updated": 0
  },
  {
    "id": "62662a3f-ed43-4328-af0f-2fdd129a4b1b",
    "data": [
      {
        "text": "Do you know what is",
        "userDefined": false
      }
    ],
    "isTemplate": false,
    "count": 4,
    "lang": "en",
    "updated": 0
  },
  {
    "id": "2d813fc5-5358-4ec2-9901-bff5d2f2b82f",
    "data": [
      {
        "text": "Do you what is",
        "userDefined": false
      }
    ],
    "isTemplate": false,
    "count": 0,
    "lang": "en",
    "updated": 0
  },
  {
    "id": "f4a87915-ea2a-4702-9138-a79dfccb5b90",
    "data": [
      {
        "text": "You know what is",
        "userDefined": false
      }
    ],
    "isTemplate": false,
    "count": 1,
    "lang": "en",
    "updated": 0
  },
  {
    "id": "6c8db1c0-d789-4775-9332-65b1b3341fa1",
    "data": [
      {
        "text": "You know is",
        "userDefined": false
      }
    ],
    "isTemplate": false,
    "count": 0,
    "lang": "en",
    "updated": 0
  },
  {
    "id": "b3a04188-4166-475a-a70d-65bf9d738192",
    "data": [
      {
        "text": "Do you know what is a Computer?",
        "userDefined": false
      }
    ],
    "isTemplate": false,
    "count": 1,
    "lang": "en",
    "updated": 0
  },
  {
    "id": "84c40711-aeff-4cf3-bff7-7167b7dc3f51",
    "data": [
      {
        "text": "Do you know what is a computer?",
        "userDefined": false
      }
    ],
    "isTemplate": false,
    "count": 0,
    "lang": "en",
    "updated": 0
  },
  {
    "id": "40ba71b1-e3ee-41e0-aa45-5dfe137c7e7c",
    "data": [
      {
        "text": "Do you know life is ?",
        "userDefined": false
      }
    ],
    "isTemplate": false,
    "count": 0,
    "lang": "en",
    "updated": 0
  },
  {
    "id": "127d2c63-9e0d-4daa-9f68-c9d0d515d411",
    "data": [
      {
        "text": "What do you know about sex",
        "userDefined": false
      }
    ],
    "isTemplate": false,
    "count": 0,
    "lang": "en",
    "updated": 0
  },
  {
    "id": "1f36df79-0bba-4908-86c3-6a8de64a09af",
    "data": [
      {
        "text": "Do you know how to drink a bottle ?",
        "userDefined": false
      }
    ],
    "isTemplate": false,
    "count": 0,
    "lang": "en",
    "updated": 0
  },
  {
    "id": "5801cddc-9943-4c3c-8f19-12a25f27b20e",
    "data": [
      {
        "text": "Do you know to",
        "userDefined": false
      }
    ],
    "isTemplate": false,
    "count": 0,
    "lang": "en",
    "updated": 0
  },
  {
    "id": "381da46a-0c89-4f83-853c-790c8a4b965e",
    "data": [
      {
        "text": "Do you know how to?",
        "userDefined": false
      }
    ],
    "isTemplate": false,
    "count": 0,
    "lang": "en",
    "updated": 0
  },
  {
    "id": "316c877d-a911-4c79-8856-32af7ce0c529",
    "data": [
      {
        "text": "Do you know anything?",
        "userDefined": false
      }
    ],
    "isTemplate": false,
    "count": 0,
    "lang": "en",
    "updated": 0
  },
  {
    "id": "d764cd43-e09e-4aa2-90e8-686d260442a7",
    "data": [
      {
        "text": "Anything about something that you know?",
        "userDefined": false
      }
    ],
    "isTemplate": false,
    "count": 0,
    "lang": "en",
    "updated": 0
  },
  {
    "id": "ec44ee37-ad3f-427f-a795-e45e97a6f5b7",
    "data": [
      {
        "text": "Do you know anything",
        "userDefined": false
      }
    ],
    "isTemplate": false,
    "count": 0,
    "lang": "en",
    "updated": 0
  },
  {
    "id": "5b1b353b-1b2d-4e84-84c5-d2d84ee0874b",
    "data": [
      {
        "text": "You know anything",
        "userDefined": false
      }
    ],
    "isTemplate": false,
    "count": 0,
    "lang": "en",
    "updated": 0
  },
  {
    "id": "b58b16e8-b54a-4d9d-a170-25c487973ae9",
    "data": [
      {
        "text": "You know anything about",
        "userDefined": false
      }
    ],
    "isTemplate": false,
    "count": 0,
    "lang": "en",
    "updated": 0
  },
  {
    "id": "0ccdd61b-2c99-45f1-9eb6-5108ff35a90b",
    "data": [
      {
        "text": "What do you know about",
        "userDefined": false
      }
    ],
    "isTemplate": false,
    "count": 0,
    "lang": "en",
    "updated": 0
  },
  {
    "id": "547df192-bd3d-471a-8a15-ffa19d755bfa",
    "data": [
      {
        "text": "Do you know how?",
        "userDefined": false
      }
    ],
    "isTemplate": false,
    "count": 0,
    "lang": "en",
    "updated": 0
  },
  {
    "id": "e565e92a-4605-4867-a44d-95eec7dcd449",
    "data": [
      {
        "text": "You know how",
        "userDefined": false
      }
    ],
    "isTemplate": false,
    "count": 0,
    "lang": "en",
    "updated": 0
  },
  {
    "id": "a5410a63-a5ae-4750-b007-1d79de394684",
    "data": [
      {
        "text": "You know how to",
        "userDefined": false
      }
    ],
    "isTemplate": false,
    "count": 0,
    "lang": "en",
    "updated": 0
  },
  {
    "id": "4ad7985d-0df4-4f32-9781-80a2f3f81dd5",
    "data": [
      {
        "text": "Do you know how to",
        "userDefined": false
      }
    ],
    "isTemplate": false,
    "count": 0,
    "lang": "en",
    "updated": 0
  },
  {
    "id": "2ee6cb69-879f-44f1-9015-0497c5a74055",
    "data": [
      {
        "text": "You know what chicken does?",
        "userDefined": false
      }
    ],
    "isTemplate": false,
    "count": 0,
    "lang": "en",
    "updated": 0
  },
  {
    "id": "b9adaf43-ccca-42e9-886b-75a0bd1fcfa6",
    "data": [
      {
        "text": "Do you know what is a Pizza ?",
        "userDefined": false
      }
    ],
    "isTemplate": false,
    "count": 0,
    "lang": "en",
    "updated": 0
  },
  {
    "id": "88a79d5b-e905-4fb1-bdc0-ccbc5600cb57",
    "data": [
      {
        "text": "Do you know what is a chicken?",
        "userDefined": false
      }
    ],
    "isTemplate": false,
    "count": 0,
    "lang": "en",
    "updated": 0
  },
  {
    "id": "be7ba3be-e566-4abf-ac7b-aa385216d5df",
    "data": [
      {
        "text": "Do you know how people get angry?",
        "userDefined": false
      }
    ],
    "isTemplate": false,
    "count": 0,
    "lang": "en",
    "updated": 0
  },
  {
    "id": "eb26448e-2b3e-4209-996d-8ed8eb348c2e",
    "data": [
      {
        "text": "Do you know how they make loves",
        "userDefined": false
      }
    ],
    "isTemplate": false,
    "count": 0,
    "lang": "en",
    "updated": 0
  },
  {
    "id": "917be62f-65b1-4bac-ba1b-273247289884",
    "data": [
      {
        "text": "Do you know what is a life?",
        "userDefined": false
      }
    ],
    "isTemplate": false,
    "count": 0,
    "lang": "en",
    "updated": 0
  }
]