[
  {
    "id": "f0a56c0f-0928-4cae-b0e3-8171a71c86c2",
    "data": [
      {
        "text": "Nothing, just stfu",
        "userDefined": false
      }
    ],
    "isTemplate": false,
    "count": 1,
    "lang": "en",
    "updated": 0
  },
  {
    "id": "1bbbb3b1-9c6a-4780-899d-eb2e7700caf8",
    "data": [
      {
        "text": "stfu",
        "userDefined": false
      }
    ],
    "isTemplate": false,
    "count": 1,
    "lang": "en",
    "updated": 0
  },
  {
    "id": "666019fc-fcf2-4958-91c9-a99ccf37b9c8",
    "data": [
      {
        "text": "Can you stfu please?",
        "userDefined": false
      }
    ],
    "isTemplate": false,
    "count": 1,
    "lang": "en",
    "updated": 0
  },
  {
    "id": "2ce73544-6d4f-4fd0-87a7-d68a9a3989fa",
    "data": [
      {
        "text": "Stfu",
        "userDefined": false
      }
    ],
    "isTemplate": false,
    "count": 1,
    "lang": "en",
    "updated": 0
  },
  {
    "id": "9aaaa93e-87ee-49e8-befc-1fefe9e34a23",
    "data": [
      {
        "text": "Dude shut up!",
        "userDefined": false
      }
    ],
    "isTemplate": false,
    "count": 0,
    "lang": "en",
    "updated": 0
  },
  {
    "id": "dfdda1cc-c2e8-4d4b-8790-f345d2279467",
    "data": [
      {
        "text": "Can you shut up?",
        "userDefined": false
      }
    ],
    "isTemplate": false,
    "count": 0,
    "lang": "en",
    "updated": 0
  },
  {
    "id": "849a9056-6b2c-4311-8d83-2872dfe7bfe8",
    "data": [
      {
        "text": "Can you stfu?",
        "userDefined": false
      }
    ],
    "isTemplate": false,
    "count": 0,
    "lang": "en",
    "updated": 0
  },
  {
    "id": "cbb21a80-208a-4b66-993d-c4fc0c49b470",
    "data": [
      {
        "text": "Be quiet",
        "userDefined": false
      }
    ],
    "isTemplate": false,
    "count": 0,
    "lang": "en",
    "updated": 0
  },
  {
    "id": "f99c97a3-27c0-41a2-956c-93ef963f5f27",
    "data": [
      {
        "text": "Don\u0027t talk",
        "userDefined": false
      }
    ],
    "isTemplate": false,
    "count": 0,
    "lang": "en",
    "updated": 0
  },
  {
    "id": "3895db99-f527-44f6-8b47-b5792f8194ac",
    "data": [
      {
        "text": "Shut up",
        "userDefined": false
      }
    ],
    "isTemplate": false,
    "count": 0,
    "lang": "en",
    "updated": 0
  },
  {
    "id": "391c165e-3b61-4144-a600-3e038f71c54c",
    "data": [
      {
        "text": "Shut the fuck up",
        "userDefined": false
      }
    ],
    "isTemplate": false,
    "count": 0,
    "lang": "en",
    "updated": 0
  }
]